sample_name	species	provided_species	ssi_stamper	GC	N50	bin_contigs_at_10x	bin_contigs_at_1x	bin_contigs_at_25x	bin_coverage_at_10x	bin_coverage_at_1x	bin_coverage_at_25x	bin_length_at_10x	bin_length_at_1x	bin_length_at_25x	filtered_reads_num	insert_size_avg	raw_length_at_10x	raw_length_at_1x	raw_length_at_25x	snp_filter_10x_10%	snp_filter_deletions	snp_filter_indels	name_classified_species_1_whats_my_species	name_classified_species_2_whats_my_species	percent_classified_species_1_whats_my_species	percent_classified_species_2_whats_my_species	percent_unclassified_whats_my_species	failed_rules	passed_rules	qc_outcome
Sample1	Cronobacter muytjensii	Cronobacter sakazakii	fail:supplying lab	57.75	124494.0	64.0	64.0	61.0	120.03621887695296	120.03621887695296	120.08150046614512	4319267.0	4319267.0	4317325.0	3659440.0	339.7	4314072.0	4319267.0	4278930.0	1427.0	0.0	11592.0	Cronobacter muytjensii	Escherichia coli	0.957372636355514	0.0004789652819843	0.0414421089991647	A1,A7,A13	A2,A3,A4,A5,A6,A8,A9,A10,A11,A12,A14,A15	WARN_COMPLETENESS,FAIL_SIZE
Sample2	Staphylococcus aureus	Staphylococcus aureus	pass:OK	32.71	75833.0	65.0	65.0	64.0	148.3565789379913	148.3565789379913	148.3839262675439	2806380.0	2806380.0	2805820.0	3022136.0	261.2	2800830.0	2806380.0	2700329.0	1403.0	0.0	10448.0	Staphylococcus aureus	Staphylococcus saprophyticus	0.9266990622144076	0.0071946968889818	0.0539211825985217	A1,A7,A13,SA1,SA5	A2,A3,A4,A5,A6,A8,A9,A10,A11,A12,A14,A15,SA2,SA3,SA4,SA6,SA7,SA8,SA9,SA11,SA12,SA16,SA17,SA18,SA19	WARN_COMPLETENESS,FAIL_SIZE
Sample3	Clostridioides difficile	Clostridioides difficile	pass:OK	28.56	43657.0	166.0	166.0	165.0	92.04482750685236	92.04482750685236	92.05340935079737	4128135.0	4128135.0	4127648.0	2767442.0	280.8	4093415.0	4128135.0	3836741.0	2864.0	0.0	11353.0	Clostridioides difficile	Clostridium phage phiCD505	0.9030371349910036	0.0086868708765996	0.0849960617688077	A1,A7,A13	A2,A3,A4,A5,A6,A8,A9,A10,A11,A12,A14,A15	WARN_COMPLETENESS,FAIL_SIZE
Sample4	Clostridioides difficile	Clostridioides difficile	pass:OK	28.32	40008.0	199.0	201.0	196.0	100.56651124963008	100.5438666170441	100.60106857353432	3838704.0	3839651.0	3837078.0	2841106.0	282.7	3796775.0	3839637.0	3510780.0	3231.0	0.0	13663.0	Clostridioides difficile	Bacillus thuringiensis	0.9516046271824092	2.850637170197116e-05	0.0480466096773853	A1,A7,A13	A2,A3,A4,A5,A6,A8,A9,A10,A11,A12,A14,A15	WARN_COMPLETENESS,FAIL_SIZE
Sample5	Salmonella enterica	Salmonella enterica	fail:supplying lab	52.37	46066.0	233.0	233.0	220.0	145.41870973467567	145.41870973467567	145.70046340708015	4653663.0	4653663.0	4643002.0	4837618.0	317.1	4640185.0	4653663.0	4551993.0	1379.0	0.0	14473.0	Salmonella enterica	Escherichia coli	0.8998872499423848	0.0428694114571007	0.0469387480919817	A1,A7,A13,SE1,SE5	A2,A3,A4,A5,A6,A8,A9,A10,A11,A12,A14,A15,SE2,SE3,SE4,SE6,SE7,SE8,SE9,SE11,SE12,SE16,SE17,SE18,SE19	WARN_COMPLETENESS,FAIL_SIZE
Sample6	Salmonella enterica	Salmonella enterica	fail:supplying lab	52.04	58574.0	185.0	185.0	182.0	139.94595410289196	139.94595410289196	139.99840934821094	5079405.0	5079405.0	5077164.0	5113666.0	291.4	5063245.0	5079405.0	4971106.0	1377.0	0.0	15862.0	Salmonella enterica	Escherichia coli	0.9519320902850532	0.001296781003175	0.0455584272971619	A1,A7,A13,SE1,SE5	A2,A3,A4,A5,A6,A8,A9,A10,A11,A12,A14,A15,SE2,SE3,SE4,SE6,SE7,SE8,SE9,SE11,SE12,SE16,SE17,SE18,SE19	WARN_COMPLETENESS,FAIL_SIZE
Sample7	Salmonella enterica	Salmonella enterica	pass:OK	52.33	39270.0	216.0	217.0	201.0	104.46794214681462	104.46083062535672	104.67445142220753	4761501.0	4761858.0	4750010.0	3502656.0	288.4	4718856.0	4761849.0	4587569.0	1727.0	0.0	13024.0	Salmonella enterica	Escherichia coli	0.9271550422252788	0.0156713993464802	0.0503968451085079	A1,A7,A13,SE1,SE5	A2,A3,A4,A5,A6,A8,A9,A10,A11,A12,A14,A15,SE2,SE3,SE4,SE6,SE7,SE8,SE9,SE11,SE12,SE16,SE17,SE18,SE19	WARN_COMPLETENESS,FAIL_SIZE
Sample8	Salmonella enterica	Salmonella enterica	pass:OK	52.4	41569.0	262.0	264.0	223.0	87.42108794070954	87.3992402339274	87.90032849860569	4637238.0	4638533.0	4605499.0	2838256.0	341.0	4578779.0	4638533.0	4413636.0	2255.0	0.0	10499.0	Salmonella enterica	Escherichia coli	0.959286379882226	0.0009653036743192	0.0393470460474513	A1,A7,A13,SE1,SE5,SE12	A2,A3,A4,A5,A6,A8,A9,A10,A11,A12,A14,A15,SE2,SE3,SE4,SE6,SE7,SE8,SE9,SE11,SE16,SE17,SE18,SE19	WARN_COMPLETENESS,FAIL_SIZE
Sample9	Salmonella enterica	Salmonella enterica	pass:OK	52.32	34510.0	277.0	277.0	254.0	108.26761269655468	108.26761269655468	108.59440378048711	4736214.0	4736214.0	4718757.0	3553710.0	319.4	4700136.0	4736214.0	4571346.0	1649.0	0.0	11413.0	Salmonella enterica	Escherichia coli	0.9181471620578984	0.0459765360544171	0.0354536649823094	A1,A7,A13,SE1,SE5	A2,A3,A4,A5,A6,A8,A9,A10,A11,A12,A14,A15,SE2,SE3,SE4,SE6,SE7,SE8,SE9,SE11,SE12,SE16,SE17,SE18,SE19	WARN_COMPLETENESS,FAIL_SIZE
Sample10	Clostridioides difficile	Clostridioides difficile	fail:supplying lab	28.61	41846.0	195.0	197.0	179.0	58.416956897252085	58.3989361444991	58.92846042674688	4135792.0	4137216.0	4081014.0	1698406.0	406.3	4048048.0	4137216.0	3429227.0	7494.0	0.0	7774.0	Clostridioides difficile	Streptococcus pyogenes	0.8648880975763699	0.0518121292194502	0.0673899168886345	A1,A7,A13	A2,A3,A4,A5,A6,A8,A9,A10,A11,A12,A14,A15	WARN_COMPLETENESS,FAIL_SIZE
Sample11	Clostridioides difficile	Clostridioides difficile	pass:OK	28.55	40033.0	187.0	187.0	186.0	119.7423067419979	119.7423067419979	119.7505189581022	3998696.0	3998696.0	3998396.0	3492964.0	258.2	3973077.0	3998696.0	3773770.0	2624.0	0.0	14729.0	Clostridioides difficile	Streptococcus pyogenes	0.9011309559251236	0.0332410812840935	0.0626482826691338	A1,A7,A13	A2,A3,A4,A5,A6,A8,A9,A10,A11,A12,A14,A15	WARN_COMPLETENESS,FAIL_SIZE
Sample12	Clostridioides difficile	Clostridioides difficile	fail:supplying lab	28.84	36799.0	205.0	205.0	200.0	84.67889425035318	84.67889425035318	84.74353188421247	4121801.0	4121801.0	4117853.0	2469388.0	314.2	4064361.0	4121788.0	3694336.0	3935.0	0.0	10402.0	Clostridioides difficile	Streptococcus pyogenes	0.8648819377180564	0.0394757088758086	0.0838397696092882	A1,A7,A13	A2,A3,A4,A5,A6,A8,A9,A10,A11,A12,A14,A15	WARN_COMPLETENESS,FAIL_SIZE
Sample13	Listeria monocytogenes	Listeria monocytogenes	pass:OK	37.9	341238.0	27.0	27.0	27.0	198.8064222317975	198.8064222317975	198.8064222317975	2875449.0	2875449.0	2875449.0	4067098.0	244.7	2874982.0	2875449.0	2864196.0	584.0	0.0	16297.0	Listeria monocytogenes	Listeria ivanovii	0.9604437596241387	0.000869875864436	0.0376913425715231	A1,A7,A13	A2,A3,A4,A5,A6,A8,A9,A10,A11,A12,A14,A15	WARN_COMPLETENESS,FAIL_SIZE
Sample14	Clostridioides difficile	Clostridioides difficile	pass:OK	29.02	22467.0	318.0	321.0	296.0	132.31110071803485	132.27224498548412	132.8449003169085	3981283.0	3982538.0	3962658.0	3798412.0	279.6	3899682.0	3982538.0	3542229.0	3273.0	0.0	13594.0	Clostridioides difficile	Roseburia hominis	0.8250935786327713	0.0109830343564351	0.1266161876885031	A1,A7,A13	A2,A3,A4,A5,A6,A8,A9,A10,A11,A12,A14,A15	WARN_COMPLETENESS,FAIL_SIZE
Sample15	Escherichia coli	Escherichia coli	pass:OK	50.57	40767.0	379.0	379.0	354.0	126.9856069880681	126.9856069880681	127.3886009527634	5231775.0	5231775.0	5211997.0	4815038.0	296.1	5203217.0	5231775.0	5087202.0	3505.0	0.0	14352.0	Escherichia coli	Shigella flexneri	0.950187649266462	0.0016894975177718	0.0459374707333386	A1,A7,A13,EC1,EC5	A2,A3,A4,A5,A6,A8,A9,A10,A11,A12,A14,A15,EC2,EC3,EC4,EC6,EC7,EC8,EC9,EC11,EC12,EC16,EC17,EC18,EC19	WARN_COMPLETENESS,WARN_ECOLI_QC,FAIL_SIZE,FAIL_ECOLI_SPECIES
Sample16	Clostridioides difficile	Clostridioides difficile	pass:OK	28.34	47075.0	185.0	185.0	183.0	113.84584083882176	113.84584083882176	113.8827507622186	4060362.0	4060362.0	4058875.0	3385634.0	277.5	4037075.0	4060362.0	3827943.0	2734.0	0.0	13845.0	Clostridioides difficile	Clostridium phage phiCD506	0.8752813873526168	0.0007120702253048	0.116076011650662	A1,A7,A13	A2,A3,A4,A5,A6,A8,A9,A10,A11,A12,A14,A15	WARN_COMPLETENESS,FAIL_SIZE
Sample17	Escherichia coli	Escherichia coli	pass:OK	50.37	69108.0	284.0	284.0	274.0	135.49919032304655	135.49919032304655	135.71835666908538	5289764.0	5289764.0	5279667.0	5114382.0	293.6	5269671.0	5289757.0	5158458.0	3323.0	0.0	14958.0	Escherichia coli	Shigella flexneri	0.945763243389718	0.010005089156031	0.0416468141355365	A1,A7,A13,EC1,EC5	A2,A3,A4,A5,A6,A8,A9,A10,A11,A12,A14,A15,EC2,EC3,EC4,EC6,EC7,EC8,EC9,EC11,EC12,EC16,EC17,EC18,EC19	WARN_COMPLETENESS,WARN_ECOLI_QC,FAIL_SIZE,FAIL_ECOLI_SPECIES
Sample18	Salmonella enterica	Salmonella enterica	pass:OK	52.31	64415.0	156.0	156.0	150.0	131.72212914429247	131.72212914429247	131.8380023967289	4743934.0	4743934.0	4738959.0	4473694.0	321.5	4728974.0	4743927.0	4650042.0	1612.0	0.0	15612.0	Salmonella enterica	Escherichia coli	0.947751731771005	0.0020553500677331	0.047146547845559	A1,A7,A13,SE1,SE5	A2,A3,A4,A5,A6,A8,A9,A10,A11,A12,A14,A15,SE2,SE3,SE4,SE6,SE7,SE8,SE9,SE11,SE12,SE16,SE17,SE18,SE19	WARN_COMPLETENESS,FAIL_SIZE
Sample19	Clostridioides difficile	Clostridioides difficile	pass:OK	28.53	48827.0	173.0	174.0	169.0	137.85833004153795	137.8478515373919	137.92337267459186	4075790.0	4076124.0	4073586.0	3978096.0	289.6	4057288.0	4076120.0	3902231.0	2528.0	0.0	18225.0	Clostridioides difficile	Enterococcus faecium	0.9600348589617168	0.0018525421679569	0.037582977927601	A1,A7,A13	A2,A3,A4,A5,A6,A8,A9,A10,A11,A12,A14,A15	WARN_COMPLETENESS,FAIL_SIZE
Sample20	Clostridioides difficile	Clostridioides difficile	pass:OK	28.76	44005.0	174.0	174.0	172.0	90.14625675480951	90.14625675480951	90.17178481785884	4205522.0	4205522.0	4203992.0	2843208.0	268.0	4171069.0	4205517.0	3895672.0	2945.0	0.0	11487.0	Clostridioides difficile	Faecalitalea cylindroides	0.8903003397750634	0.0031498294794781	0.0980209913610906	A1,A7,A13	A2,A3,A4,A5,A6,A8,A9,A10,A11,A12,A14,A15	WARN_COMPLETENESS,FAIL_SIZE
Sample21	Clostridioides difficile	Clostridioides difficile	pass:OK	28.57	46272.0	178.0	178.0	174.0	94.76737806184424	94.76737806184424	94.82750436359348	4014084.0	4014084.0	4011029.0	2710334.0	309.8	3976240.0	4014080.0	3699311.0	3368.0	0.0	11141.0	Clostridioides difficile	Streptococcus pyogenes	0.9029606974333244	0.0366573080342813	0.0562739115517006	A1,A7,A13	A2,A3,A4,A5,A6,A8,A9,A10,A11,A12,A14,A15	WARN_COMPLETENESS,FAIL_SIZE
Sample22	Escherichia coli	Escherichia coli	pass:OK	51.09	18371.0	658.0	663.0	576.0	89.29542224501364	89.25129911580653	90.26402357959664	5068183.0	5070949.0	5001273.0	3245506.0	318.2	4972931.0	5070948.0	4728423.0	4599.0	0.0	10211.0	Escherichia coli	Shigella sonnei	0.9443373630578664	0.0061927822352801	0.0444401447570549	A1,A7,A8,A11,A13,EC1,EC5,EC16,EC17,EC18,EC19	A2,A3,A4,A5,A6,A9,A10,A12,A14,A15,EC2,EC3,EC4,EC6,EC7,EC8,EC9,EC11,EC12	WARN_COMPLETENESS,WARN_ECOLI_QC,FAIL_ASSEMBLY,FAIL_SIZE,FAIL_ECOLI_SPECIES
Sample23	Clostridioides difficile	Clostridioides difficile	fail:supplying lab	28.64	33859.0	279.0	284.0	261.0	101.70826699641036	101.64200161784082	102.12276203122852	4126033.0	4128960.0	4105732.0	2951526.0	312.7	4042019.0	4128960.0	3656539.0	4255.0	0.0	11838.0	Clostridioides difficile	Streptococcus pyogenes	0.8797773182240749	0.0430687044831782	0.06156374591077	A1,A7,A13	A2,A3,A4,A5,A6,A8,A9,A10,A11,A12,A14,A15	WARN_COMPLETENESS,FAIL_SIZE
Sample24	Yersinia enterocolitica	Yersinia enterocolitica	pass:OK	47.18	27247.0	388.0	388.0	365.0	133.8579402735767	133.8579402735767	134.2518178767453	4437366.0	4437366.0	4422192.0	4412650.0	285.8	4401467.0	4437366.0	4248927.0	1588.0	0.0	12369.0	Yersinia enterocolitica	Yersinia pseudotuberculosis	0.934059380319962	0.0015433200255686	0.0618100689905517	A1,A7,A13	A2,A3,A4,A5,A6,A8,A9,A10,A11,A12,A14,A15	WARN_COMPLETENESS,FAIL_SIZE
Sample25	Salmonella enterica	Salmonella enterica	pass:OK	52.56	23627.0	391.0	393.0	349.0	102.39485234944216	102.36830939268468	102.98183826692214	4634930.0	4636257.0	4603140.0	3318670.0	327.6	4575996.0	4636248.0	4412607.0	2264.0	0.0	12132.0	Salmonella enterica	Klebsiella oxytoca	0.9281274057691756	0.0023559400936169	0.061610891740952	A1,A7,A13,SE1,SE4,SE5,SE12,SE16,SE17,SE18,SE19	A2,A3,A4,A5,A6,A8,A9,A10,A11,A12,A14,A15,SE2,SE3,SE6,SE7,SE8,SE9,SE11	WARN_COMPLETENESS,FAIL_SIZE
Sample26	Salmonella enterica	Salmonella enterica	pass:OK	52.49	28280.0	325.0	327.0	277.0	90.7288790861452	90.71411798406383	91.38469036902852	4558361.0	4559192.0	4517862.0	2907304.0	327.2	4493036.0	4559192.0	4325540.0	1991.0	0.0	8778.0	Salmonella enterica	Escherichia coli	0.9592664360908876	0.0003886495083067	0.040000632845217	A1,A7,A13,SE1,SE4,SE5,SE12,SE18,SE19	A2,A3,A4,A5,A6,A8,A9,A10,A11,A12,A14,A15,SE2,SE3,SE6,SE7,SE8,SE9,SE11,SE16,SE17	WARN_COMPLETENESS,FAIL_SIZE
Sample27	Clostridioides difficile	Clostridioides difficile	pass:OK	28.81	23300.0	318.0	320.0	289.0	59.18187880709944	59.171057977158064	59.588221451689535	4080206.0	4081090.0	4037034.0	1777058.0	285.8	3966831.0	4081082.0	3317749.0	4858.0	0.0	7152.0	Clostridioides difficile	Faecalitalea cylindroides	0.7973809284009022	0.0052490588098269	0.185376343844017	A1,A7,A13	A2,A3,A4,A5,A6,A8,A9,A10,A11,A12,A14,A15	WARN_COMPLETENESS,FAIL_SIZE
Sample28	Salmonella enterica	Salmonella enterica	pass:OK	52.35	35186.0	266.0	266.0	246.0	108.56562414618824	108.56562414618824	108.84820044304536	4659253.0	4659253.0	4644671.0	3527672.0	292.8	4627738.0	4659253.0	4505115.0	1442.0	0.0	10183.0	Salmonella enterica	Escherichia coli	0.9168278381944632	0.0385363178057806	0.0348819311670254	A1,A7,A13,SE1,SE5	A2,A3,A4,A5,A6,A8,A9,A10,A11,A12,A14,A15,SE2,SE3,SE4,SE6,SE7,SE8,SE9,SE11,SE12,SE16,SE17,SE18,SE19	WARN_COMPLETENESS,FAIL_SIZE
Sample29	Clostridioides difficile	Clostridioides difficile	pass:OK	28.77	38230.0	209.0	210.0	203.0	97.72765577200715	97.7196834670402	97.79440375772596	4088058.0	4088421.0	4084598.0	2893006.0	295.0	4035857.0	4088421.0	3730806.0	2796.0	0.0	11642.0	Clostridioides difficile	Faecalitalea cylindroides	0.8227749790455123	0.0058676022017333	0.1550573332065982	A1,A7,A13	A2,A3,A4,A5,A6,A8,A9,A10,A11,A12,A14,A15	WARN_COMPLETENESS,FAIL_SIZE
Sample30	Yersinia sp. FDAARGOS_228	Yersinia enterocolitica	fail:supplying lab	47.5	64840.0	157.0	157.0	149.0	134.36096026571528	134.36096026571528	134.56248931295846	4593187.0	4593187.0	4584992.0	4427788.0	294.7	4574778.0	4593187.0	4480310.0	1735.0	0.0	14214.0	Yersinia sp. FDAARGOS_228	Yersinia enterocolitica	0.1590261545225787	0.1320105711973938	0.5134286409173447	A1,A7,A13	A2,A3,A4,A5,A6,A8,A9,A10,A11,A12,A14,A15	WARN_COMPLETENESS,FAIL_SIZE
Sample31	Salmonella enterica	Salmonella enterica	pass:OK	52.52	28645.0	323.0	323.0	283.0	86.27399002707828	86.27399002707828	86.79503258472586	4613292.0	4613292.0	4578679.0	2773574.0	347.6	4550290.0	4613291.0	4380495.0	2278.0	0.0	10233.0	Salmonella enterica	Shigella flexneri	0.9364926801499336	0.0129910349096659	0.039711813463246	A1,A7,A13,SE1,SE4,SE5,SE12,SE18,SE19	A2,A3,A4,A5,A6,A8,A9,A10,A11,A12,A14,A15,SE2,SE3,SE6,SE7,SE8,SE9,SE11,SE16,SE17	WARN_COMPLETENESS,FAIL_SIZE
Sample32	Salmonella enterica	Salmonella enterica	pass:OK	52.25	66587.0	141.0	141.0	133.0	144.278148760868	144.278148760868	144.48945061156604	4674966.0	4674966.0	4666953.0	4818454.0	301.0	4656931.0	4674966.0	4567964.0	1223.0	0.0	14058.0	Salmonella enterica	Shigella flexneri	0.9290681712774423	0.0129492536260379	0.0457899154694005	A1,A7,A13,SE1,SE5	A2,A3,A4,A5,A6,A8,A9,A10,A11,A12,A14,A15,SE2,SE3,SE4,SE6,SE7,SE8,SE9,SE11,SE12,SE16,SE17,SE18,SE19	WARN_COMPLETENESS,FAIL_SIZE
Sample33	Clostridioides difficile	Clostridioides difficile	pass:OK	28.74	38343.0	204.0	204.0	201.0	88.38243971665615	88.38243971665615	88.42659455753943	4122200.0	4122200.0	4119497.0	2605798.0	291.9	4076178.0	4122200.0	3776677.0	3276.0	0.0	10026.0	Clostridioides difficile	Faecalitalea cylindroides	0.8116341948981487	0.005216127977602	0.1685358463458323	A1,A7,A13	A2,A3,A4,A5,A6,A8,A9,A10,A11,A12,A14,A15	WARN_COMPLETENESS,FAIL_SIZE
Sample34	Clostridioides difficile	Clostridioides difficile	pass:OK	28.88	37679.0	215.0	215.0	208.0	72.30800633424839	72.30800633424839	72.37680156197112	4135613.0	4135613.0	4130166.0	2115630.0	332.3	4071015.0	4135613.0	3631807.0	4262.0	0.0	8740.0	Clostridioides difficile	Enterococcus faecium	0.9118182681841234	0.0101047721995166	0.0768537428872168	A1,A7,A13	A2,A3,A4,A5,A6,A8,A9,A10,A11,A12,A14,A15	WARN_COMPLETENESS,FAIL_SIZE
Sample35	Salmonella enterica	Salmonella enterica	pass:OK	52.23	46001.0	204.0	204.0	198.0	109.00377034437616	109.00377034437616	109.08772790062297	4511259.0	4511259.0	4507118.0	3486734.0	308.3	4494194.0	4511259.0	4411701.0	1293.0	0.0	11281.0	Salmonella enterica	Escherichia coli	0.9399840957079346	0.0024409905167862	0.0503333850476139	A1,A7,A13,SE1,SE5	A2,A3,A4,A5,A6,A8,A9,A10,A11,A12,A14,A15,SE2,SE3,SE4,SE6,SE7,SE8,SE9,SE11,SE12,SE16,SE17,SE18,SE19	WARN_COMPLETENESS,FAIL_SIZE
Sample36	Clostridioides difficile	Clostridioides difficile	fail:supplying lab	28.74	48754.0	169.0	169.0	167.0	106.9710927845574	106.9710927845574	106.9982387907968	4114855.0	4114855.0	4113651.0	3155220.0	282.2	4071663.0	4114840.0	3794813.0	2585.0	0.0	13837.0	Clostridioides difficile	Faecalitalea cylindroides	0.7586456498169947	0.0049350742368651	0.2236534317812822	A1,A7,A13	A2,A3,A4,A5,A6,A8,A9,A10,A11,A12,A14,A15	WARN_COMPLETENESS,FAIL_SIZE
Sample37	Salmonella enterica	Salmonella enterica	pass:OK	52.26	64953.0	175.0	176.0	161.0	107.4449308279216	107.4342257349297	107.67120905453314	4791601.0	4792125.0	4779131.0	3693132.0	292.2	4773599.0	4792123.0	4685421.0	1510.0	0.0	10607.0	Salmonella enterica	Escherichia coli	0.9413866912425228	0.0101960202490904	0.0467917732249151	A1,A7,A13,SE1,SE5	A2,A3,A4,A5,A6,A8,A9,A10,A11,A12,A14,A15,SE2,SE3,SE4,SE6,SE7,SE8,SE9,SE11,SE12,SE16,SE17,SE18,SE19	WARN_COMPLETENESS,FAIL_SIZE
Sample38	Salmonella enterica	Salmonella enterica	pass:OK	52.22	72704.0	149.0	149.0	143.0	130.65571358139383	130.65571358139383	130.77891783586753	4908480.0	4908480.0	4903064.0	4565242.0	332.4	4895194.0	4908480.0	4822545.0	1302.0	0.0	15948.0	Salmonella enterica	Escherichia coli	0.9558716691244706	0.0007262805129257	0.0430319013677771	A1,A7,A13,SE1,SE5	A2,A3,A4,A5,A6,A8,A9,A10,A11,A12,A14,A15,SE2,SE3,SE4,SE6,SE7,SE8,SE9,SE11,SE12,SE16,SE17,SE18,SE19	WARN_COMPLETENESS,FAIL_SIZE
Sample39	Escherichia coli	Escherichia coli	pass:OK	50.73	44919.0	385.0	385.0	367.0	114.97673037402345	114.97673037402345	115.23518040636228	5268413.0	5268413.0	5254277.0	4380594.0	289.9	5241635.0	5268391.0	5132379.0	3492.0	0.0	12618.0	Escherichia coli	Shigella flexneri	0.9445770482224032	0.0074495755017912	0.0444390677587932	A1,A7,A13,EC1,EC5	A2,A3,A4,A5,A6,A8,A9,A10,A11,A12,A14,A15,EC2,EC3,EC4,EC6,EC7,EC8,EC9,EC11,EC12,EC16,EC17,EC18,EC19	WARN_COMPLETENESS,WARN_ECOLI_QC,FAIL_SIZE,FAIL_ECOLI_SPECIES
Sample40	Salmonella enterica	Salmonella enterica	fail:supplying lab	52.17	82664.0	108.0	108.0	104.0	138.30179074907898	138.30179074907898	138.4425940182215	4899123.0	4899123.0	4893227.0	4821462.0	299.6	4891827.0	4899123.0	4834381.0	1277.0	0.0	14261.0	Salmonella enterica	Escherichia coli	0.9027404172083676	0.051153638850909	0.045104907649373	A1,A7,A13,SE1,SE5	A2,A3,A4,A5,A6,A8,A9,A10,A11,A12,A14,A15,SE2,SE3,SE4,SE6,SE7,SE8,SE9,SE11,SE12,SE16,SE17,SE18,SE19	WARN_COMPLETENESS,FAIL_SIZE
Sample41	Clostridioides difficile	Clostridioides difficile	pass:OK	28.42	33232.0	217.0	217.0	214.0	84.76739854762083	84.76739854762083	84.825537119182	4076346.0	4076346.0	4072746.0	2427808.0	327.2	4021619.0	4076326.0	3700954.0	3771.0	0.0	10739.0	Clostridioides difficile	Clostridium phage phiMMP02	0.9184858492159138	0.0018905055434235	0.0747692883049784	A1,A7,A13	A2,A3,A4,A5,A6,A8,A9,A10,A11,A12,A14,A15	WARN_COMPLETENESS,FAIL_SIZE
Sample42	Escherichia coli	Escherichia coli	pass:OK	50.73	41845.0	367.0	367.0	355.0	126.65167065142607	126.65167065142607	126.78950425946756	5360424.0	5360424.0	5353486.0	4986470.0	286.4	5338289.0	5360424.0	5242064.0	1829.0	0.0	15529.0	Escherichia coli	Shigella flexneri	0.8751128821149817	0.0099741273390457	0.0985160112152291	A1,A7,A13,EC1,EC5	A2,A3,A4,A5,A6,A8,A9,A10,A11,A12,A14,A15,EC2,EC3,EC4,EC6,EC7,EC8,EC9,EC11,EC12,EC16,EC17,EC18,EC19	WARN_COMPLETENESS,WARN_ECOLI_QC,FAIL_SIZE,FAIL_ECOLI_SPECIES
Sample43	Cronobacter muytjensii	Cronobacter sakazakii	fail:supplying lab	57.75	159099.0	60.0	60.0	55.0	119.4862790722966	119.4862790722966	119.5869358261594	4321683.0	4321683.0	4317242.0	3625712.0	347.1	4317826.0	4321683.0	4286870.0	1269.0	0.0	12725.0	Cronobacter muytjensii	Escherichia coli	0.9590949203022447	0.0005253433346202	0.039764767525233	A1,A7,A13	A2,A3,A4,A5,A6,A8,A9,A10,A11,A12,A14,A15	WARN_COMPLETENESS,FAIL_SIZE
Sample44	Staphylococcus aureus	Staphylococcus aureus	pass:OK	32.77	106659.0	65.0	65.0	65.0	114.1389333983877	114.1389333983877	114.1389333983877	2734123.0	2734123.0	2734123.0	2218288.0	289.8	2729461.0	2734123.0	2633613.0	1424.0	0.0	8652.0	Staphylococcus aureus	Staphylococcus phage StauST398-3	0.9369442104119589	0.0005643826748943	0.0570819883039354	A1,A7,A13,SA1,SA5	A2,A3,A4,A5,A6,A8,A9,A10,A11,A12,A14,A15,SA2,SA3,SA4,SA6,SA7,SA8,SA9,SA11,SA12,SA16,SA17,SA18,SA19	WARN_COMPLETENESS,FAIL_SIZE
Sample45	Staphylococcus aureus	Staphylococcus aureus	pass:OK	32.73	139648.0	53.0	53.0	53.0	106.67799410003806	106.67799410003806	106.67799410003806	2755611.0	2755611.0	2755611.0	2087158.0	293.9	2748577.0	2755609.0	2627325.0	1604.0	0.0	8254.0	Staphylococcus aureus	Staphylococcus argenteus	0.9382659089145114	0.0007186572033886	0.0574767658126144	A1,A7,A13,SA1,SA5	A2,A3,A4,A5,A6,A8,A9,A10,A11,A12,A14,A15,SA2,SA3,SA4,SA6,SA7,SA8,SA9,SA11,SA12,SA16,SA17,SA18,SA19	WARN_COMPLETENESS,FAIL_SIZE
Sample46	Staphylococcus aureus	Staphylococcus aureus	pass:OK	32.77	121658.0	49.0	49.0	49.0	143.9730519720954	143.9730519720954	143.9730519720954	2781762.0	2781762.0	2781762.0	2938630.0	243.9	2777838.0	2781762.0	2704611.0	1448.0	0.0	12555.0	Staphylococcus aureus	Staphylococcus phage DW2	0.9250345549909248	0.0021988611654985	0.0676005191245116	A1,A7,A13,SA1,SA5	A2,A3,A4,A5,A6,A8,A9,A10,A11,A12,A14,A15,SA2,SA3,SA4,SA6,SA7,SA8,SA9,SA11,SA12,SA16,SA17,SA18,SA19	WARN_COMPLETENESS,FAIL_SIZE
Sample47	Staphylococcus aureus	Staphylococcus aureus	pass:OK	32.8	51447.0	99.0	99.0	96.0	122.53229338623052	122.53229338623052	122.77213887666814	2733857.0	2733857.0	2727600.0	2557918.0	242.9	2719077.0	2733857.0	2552851.0	1747.0	0.0	9586.0	Staphylococcus aureus	Staphylococcus virus X2	0.9066789305986798	0.003262867844666	0.082711569440606	A1,A7,A13,SA1,SA5	A2,A3,A4,A5,A6,A8,A9,A10,A11,A12,A14,A15,SA2,SA3,SA4,SA6,SA7,SA8,SA9,SA11,SA12,SA16,SA17,SA18,SA19	WARN_COMPLETENESS,FAIL_SIZE
Sample48	Staphylococcus aureus	Staphylococcus aureus	pass:OK	32.77	70369.0	71.0	72.0	71.0	127.15005335322756	127.13478717296452	127.15005335322756	2741165.0	2741522.0	2741165.0	2511964.0	275.1	2735596.0	2741522.0	2639264.0	1502.0	0.0	9802.0	Staphylococcus aureus	Staphylococcus epidermidis	0.9137730352697278	0.0019867634027911	0.0768118318905978	A1,A7,A13,SA1,SA5	A2,A3,A4,A5,A6,A8,A9,A10,A11,A12,A14,A15,SA2,SA3,SA4,SA6,SA7,SA8,SA9,SA11,SA12,SA16,SA17,SA18,SA19	WARN_COMPLETENESS,FAIL_SIZE
Sample49	Staphylococcus aureus	Staphylococcus aureus	fail:core facility																				Staphylococcus aureus	Staphylococcus lugdunensis	0.9427564942402484	0.0003709978459209	0.0557128927085292	A1,A4,A5,A6,A7,A8,A9,A10,A11,A12,A13,A14,A15,SA1,SA3,SA4,SA5,SA6,SA7,SA8,SA9,SA11,SA12,SA16,SA17,SA18,SA19	A2,A3,SA2	WARN_COMPLETENESS,WARN_GC_RANGE,FAIL_ASSEMBLY,FAIL_SIZE,FAIL_MAPPING_ISSUES
Sample50	Staphylococcus aureus	Staphylococcus aureus	pass:OK	32.69	113592.0	54.0	54.0	53.0	127.99269789158932	127.99269789158932	128.00438198067735	2718256.0	2718256.0	2717949.0	2512594.0	270.4	2715931.0	2718256.0	2663288.0	1191.0	0.0	9169.0	Staphylococcus aureus	Staphylococcus argenteus	0.9196899666582032	0.0017140501169629	0.0762961235485095	A1,A7,A13,SA1,SA5	A2,A3,A4,A5,A6,A8,A9,A10,A11,A12,A14,A15,SA2,SA3,SA4,SA6,SA7,SA8,SA9,SA11,SA12,SA16,SA17,SA18,SA19	WARN_COMPLETENESS,FAIL_SIZE
Sample51	Staphylococcus aureus	Staphylococcus aureus	pass:OK	32.69	100945.0	73.0	73.0	73.0	143.4044032914086	143.4044032914086	143.4044032914086	2717013.0	2717013.0	2717013.0	2905420.0	243.8	2712915.0	2717013.0	2630739.0	1323.0	0.0	10501.0	Staphylococcus aureus	Staphylococcus argenteus	0.919746934072492	0.0018704962682997	0.0764102027569772	A1,A7,A13,SA1,SA5	A2,A3,A4,A5,A6,A8,A9,A10,A11,A12,A14,A15,SA2,SA3,SA4,SA6,SA7,SA8,SA9,SA11,SA12,SA16,SA17,SA18,SA19	WARN_COMPLETENESS,FAIL_SIZE
Sample52	Staphylococcus aureus	Staphylococcus aureus	pass:OK	32.69	111151.0	61.0	61.0	61.0	144.25827294024356	144.25827294024356	144.25827294024356	2728927.0	2728927.0	2728927.0	2884872.0	249.9	2726610.0	2728922.0	2663414.0	1304.0	0.0	11574.0	Staphylococcus aureus	Staphylococcus pasteuri	0.9257466375142632	0.0016866153588061	0.0697681995710326	A1,A7,A13,SA1,SA5	A2,A3,A4,A5,A6,A8,A9,A10,A11,A12,A14,A15,SA2,SA3,SA4,SA6,SA7,SA8,SA9,SA11,SA12,SA16,SA17,SA18,SA19	WARN_COMPLETENESS,FAIL_SIZE
Sample53	Staphylococcus aureus	Staphylococcus aureus	pass:OK	32.7	157976.0	42.0	44.0	42.0	150.81543812568472	150.77888459365548	150.81543812568472	2741097.0	2741799.0	2741097.0	2984722.0	256.0	2738360.0	2741799.0	2677279.0	1240.0	0.0	10605.0	Staphylococcus aureus	Staphylococcus epidermidis	0.9261324879960224	0.0015417891186273	0.0686913620946354	A1,A7,A13,SA1,SA5	A2,A3,A4,A5,A6,A8,A9,A10,A11,A12,A14,A15,SA2,SA3,SA4,SA6,SA7,SA8,SA9,SA11,SA12,SA16,SA17,SA18,SA19	WARN_COMPLETENESS,FAIL_SIZE
Sample54	Staphylococcus aureus	Staphylococcus aureus	pass:OK	32.69	192907.0	35.0	35.0	35.0	130.30869878210703	130.30869878210703	130.30869878210703	2740717.0	2740717.0	2740717.0	2582094.0	270.6	2734374.0	2740717.0	2631240.0	1439.0	0.0	9319.0	Staphylococcus aureus	Staphylococcus epidermidis	0.9112199478131155	0.0026798251762604	0.0816196522578301	A1,A7,A13,SA1,SA5	A2,A3,A4,A5,A6,A8,A9,A10,A11,A12,A14,A15,SA2,SA3,SA4,SA6,SA7,SA8,SA9,SA11,SA12,SA16,SA17,SA18,SA19	WARN_COMPLETENESS,FAIL_SIZE
Sample55	Staphylococcus aureus	Staphylococcus aureus	pass:OK	32.73	107462.0	54.0	54.0	54.0	130.72599983107082	130.72599983107082	130.72599983107082	2699356.0	2699356.0	2699356.0	2547856.0	273.8	2693476.0	2699356.0	2602153.0	1290.0	0.0	8987.0	Staphylococcus aureus	Staphylococcus argenteus	0.9364496765065454	0.0004548728102623	0.0607531893099002	A1,A7,A13,SA1,SA5	A2,A3,A4,A5,A6,A8,A9,A10,A11,A12,A14,A15,SA2,SA3,SA4,SA6,SA7,SA8,SA9,SA11,SA12,SA16,SA17,SA18,SA19	WARN_COMPLETENESS,FAIL_SIZE
Sample56	Staphylococcus aureus	Staphylococcus aureus	pass:OK	32.77	58193.0	83.0	83.0	82.0	116.01508080774576	116.01508080774576	116.03065142340516	2743487.0	2743487.0	2743070.0	2295738.0	277.8	2730889.0	2743487.0	2570833.0	1827.0	0.0	10034.0	Staphylococcus aureus	Staphylococcus argenteus	0.9347613889240972	0.0005318294016723	0.0605823815067977	A1,A7,A13,SA1,SA5	A2,A3,A4,A5,A6,A8,A9,A10,A11,A12,A14,A15,SA2,SA3,SA4,SA6,SA7,SA8,SA9,SA11,SA12,SA16,SA17,SA18,SA19	WARN_COMPLETENESS,FAIL_SIZE
Sample57	Staphylococcus aureus	Staphylococcus aureus	pass:OK	32.77	71126.0	87.0	87.0	84.0	117.11042906531245	117.11042906531245	117.21945191597231	2742403.0	2742403.0	2739288.0	2491916.0	215.7	2739135.0	2742403.0	2676333.0	1043.0	0.0	8927.0	Staphylococcus aureus	Staphylococcus argenteus	0.9082861427086222	0.0005465057537586	0.0874601807160509	A1,A7,A13,SA1,SA5	A2,A3,A4,A5,A6,A8,A9,A10,A11,A12,A14,A15,SA2,SA3,SA4,SA6,SA7,SA8,SA9,SA11,SA12,SA16,SA17,SA18,SA19	WARN_COMPLETENESS,FAIL_SIZE
Sample58	Staphylococcus aureus	Staphylococcus aureus	pass:OK	32.76	140075.0	37.0	37.0	37.0	153.2431657454528	153.2431657454528	153.2431657454528	2765554.0	2765554.0	2765554.0	3126846.0	251.6	2764008.0	2765554.0	2719475.0	1259.0	0.0	13564.0	Staphylococcus aureus	Staphylococcus phage DW2	0.9233177018975182	0.0016181478155644	0.0708441742841134	A1,A7,A13,SA1,SA5	A2,A3,A4,A5,A6,A8,A9,A10,A11,A12,A14,A15,SA2,SA3,SA4,SA6,SA7,SA8,SA9,SA11,SA12,SA16,SA17,SA18,SA19	WARN_COMPLETENESS,FAIL_SIZE
Sample59	Staphylococcus aureus	Staphylococcus aureus	pass:OK	32.82	82578.0	81.0	81.0	81.0	143.3966083499006	143.3966083499006	143.3966083499006	2766500.0	2766500.0	2766500.0	2945766.0	239.1	2762404.0	2766500.0	2679115.0	1291.0	0.0	10375.0	Staphylococcus aureus	Staphylococcus phage tp310-2	0.9378254470207892	0.0051270422967411	0.0512877348819463	A1,A7,A13,SA1,SA5	A2,A3,A4,A5,A6,A8,A9,A10,A11,A12,A14,A15,SA2,SA3,SA4,SA6,SA7,SA8,SA9,SA11,SA12,SA16,SA17,SA18,SA19	WARN_COMPLETENESS,FAIL_SIZE
Sample60	Staphylococcus aureus	Staphylococcus aureus	pass:OK	32.86	82612.0	73.0	73.0	73.0	151.43680807754478	151.43680807754478	151.43680807754478	2810557.0	2810557.0	2810557.0	3118350.0	250.6	2803430.0	2810557.0	2706256.0	1470.0	0.0	12417.0	Staphylococcus aureus	Staphylococcus virus 71	0.928343457321322	0.0061879088703194	0.0463809375081168	A1,A7,A13,SA1,SA5	A2,A3,A4,A5,A6,A8,A9,A10,A11,A12,A14,A15,SA2,SA3,SA4,SA6,SA7,SA8,SA9,SA11,SA12,SA16,SA17,SA18,SA19	WARN_COMPLETENESS,FAIL_SIZE
Sample61	Staphylococcus aureus	Staphylococcus aureus	pass:OK	32.87	47114.0	138.0	138.0	136.0	123.47798684300577	123.47798684300577	123.61708870586344	2805504.0	2805504.0	2801675.0	2561474.0	253.0	2794449.0	2805489.0	2645360.0	1696.0	0.0	10062.0	Staphylococcus aureus	Staphylococcus virus 71	0.9240426573475712	0.0058806490575112	0.0527747653635079	A1,A7,A13,SA1,SA5	A2,A3,A4,A5,A6,A8,A9,A10,A11,A12,A14,A15,SA2,SA3,SA4,SA6,SA7,SA8,SA9,SA11,SA12,SA16,SA17,SA18,SA19	WARN_COMPLETENESS,FAIL_SIZE
Sample62	Staphylococcus aureus	Staphylococcus aureus	pass:OK	32.87	74072.0	111.0	111.0	108.0	132.88146953154728	132.88146953154728	133.02931738440984	2806772.0	2806772.0	2803115.0	2801130.0	249.9	2795812.0	2806769.0	2650769.0	1881.0	0.0	11104.0	Staphylococcus aureus	Staphylococcus virus 71	0.9180139726437184	0.0059125465716118	0.0599282983695964	A1,A7,A13,SA1,SA5	A2,A3,A4,A5,A6,A8,A9,A10,A11,A12,A14,A15,SA2,SA3,SA4,SA6,SA7,SA8,SA9,SA11,SA12,SA16,SA17,SA18,SA19	WARN_COMPLETENESS,FAIL_SIZE
Sample63	Staphylococcus aureus	Staphylococcus aureus	pass:OK	32.9	35053.0	169.0	169.0	164.0	117.02845239094448	117.02845239094448	117.3046169219088	2799835.0	2799835.0	2792120.0	2415026.0	270.0	2779912.0	2799828.0	2566571.0	2162.0	0.0	9740.0	Staphylococcus aureus	Staphylococcus virus 71	0.9221688093907212	0.0062273564788936	0.0544463076827526	A1,A7,A13,SA1,SA5	A2,A3,A4,A5,A6,A8,A9,A10,A11,A12,A14,A15,SA2,SA3,SA4,SA6,SA7,SA8,SA9,SA11,SA12,SA16,SA17,SA18,SA19	WARN_COMPLETENESS,FAIL_SIZE
Sample64	Staphylococcus aureus	Staphylococcus aureus	pass:OK	32.86	121035.0	67.0	67.0	67.0	113.39919575269786	113.39919575269786	113.39919575269786	2811573.0	2811573.0	2811573.0	2312118.0	281.9	2803358.0	2811573.0	2675829.0	1787.0	0.0	9939.0	Staphylococcus aureus	Staphylococcus virus 71	0.9270827566879334	0.0064362276319249	0.0488546957388211	A1,A7,A13,SA1,SA5	A2,A3,A4,A5,A6,A8,A9,A10,A11,A12,A14,A15,SA2,SA3,SA4,SA6,SA7,SA8,SA9,SA11,SA12,SA16,SA17,SA18,SA19	WARN_COMPLETENESS,FAIL_SIZE
Sample65	Staphylococcus aureus	Staphylococcus aureus	pass:OK	32.92	28134.0	222.0	224.0	189.0	61.917186120443525	61.901469999276394	62.81229218734215	2790752.0	2791566.0	2732028.0	1283362.0	265.6	2730932.0	2791556.0	2269510.0	3288.0	0.0	5518.0	Staphylococcus aureus	Staphylococcus phage tp310-2	0.9222667206881506	0.0061374119553699	0.0550162064451785	A1,A7,A13,SA1,SA5,SA18,SA19	A2,A3,A4,A5,A6,A8,A9,A10,A11,A12,A14,A15,SA2,SA3,SA4,SA6,SA7,SA8,SA9,SA11,SA12,SA16,SA17	WARN_COMPLETENESS,FAIL_SIZE
Sample66	Staphylococcus aureus	Staphylococcus aureus	pass:OK	32.86	128561.0	50.0	50.0	50.0	163.72168973984432	163.72168973984432	163.72168973984432	2798632.0	2798632.0	2798632.0	3308582.0	254.4	2795626.0	2798632.0	2732531.0	1221.0	0.0	11582.0	Staphylococcus aureus	Staphylococcus virus 71	0.9432618883407792	0.0057009513574024	0.0406226407224972	A1,A7,A13,SA1,SA5	A2,A3,A4,A5,A6,A8,A9,A10,A11,A12,A14,A15,SA2,SA3,SA4,SA6,SA7,SA8,SA9,SA11,SA12,SA16,SA17,SA18,SA19	WARN_COMPLETENESS,FAIL_SIZE
Sample67	Staphylococcus aureus	Staphylococcus aureus	pass:OK	32.86	66521.0	88.0	88.0	88.0	129.06048263199176	129.06048263199176	129.06048263199176	2808641.0	2808641.0	2808641.0	2626674.0	262.8	2802462.0	2808641.0	2694808.0	1553.0	0.0	11502.0	Staphylococcus aureus	Staphylococcus phage tp310-2	0.9314721227660429	0.0057884448099102	0.0459725481910396	A1,A7,A13,SA1,SA5	A2,A3,A4,A5,A6,A8,A9,A10,A11,A12,A14,A15,SA2,SA3,SA4,SA6,SA7,SA8,SA9,SA11,SA12,SA16,SA17,SA18,SA19	WARN_COMPLETENESS,FAIL_SIZE
Sample68	Staphylococcus aureus	Staphylococcus aureus	pass:OK	32.92	32371.0	202.0	202.0	189.0	120.01068554648089	120.01068554648089	120.41238000650142	2795084.0	2795084.0	2784005.0	2453212.0	263.3	2777324.0	2795084.0	2589111.0	1952.0	0.0	10121.0	Staphylococcus aureus	Staphylococcus virus 71	0.9305512700059309	0.0057513547884818	0.0477081197635055	A1,A7,A13,SA1,SA5,SA18,SA19	A2,A3,A4,A5,A6,A8,A9,A10,A11,A12,A14,A15,SA2,SA3,SA4,SA6,SA7,SA8,SA9,SA11,SA12,SA16,SA17	WARN_COMPLETENESS,FAIL_SIZE
Sample69	Salmonella enterica	Salmonella enterica	pass:OK	52.35	76802.0	110.0	110.0	106.0	116.89641634559572	116.89641634559572	116.96608298299172	4594779.0	4594779.0	4591471.0	3817754.0	314.2	4583685.0	4594779.0	4515186.0	1351.0	0.0	13457.0	Salmonella enterica	Escherichia coli	0.9569745722050064	0.0001859522746939	0.0425568804436873	A1,A7,A13,SE1,SE5	A2,A3,A4,A5,A6,A8,A9,A10,A11,A12,A14,A15,SE2,SE3,SE4,SE6,SE7,SE8,SE9,SE11,SE12,SE16,SE17,SE18,SE19	WARN_COMPLETENESS,FAIL_SIZE
Sample70	Salmonella enterica	Salmonella enterica	pass:OK	52.33	110159.0	92.0	93.0	89.0	109.81061703081532	109.7970271759237	109.85319720500814	4597161.0	4597783.0	4595076.0	3584456.0	293.5	4587911.0	4597783.0	4527890.0	1268.0	0.0	11094.0	Salmonella enterica	Escherichia coli	0.9584962683715126	0.0003378188008018	0.040853758213237	A1,A7,A13,SE1,SE5	A2,A3,A4,A5,A6,A8,A9,A10,A11,A12,A14,A15,SE2,SE3,SE4,SE6,SE7,SE8,SE9,SE11,SE12,SE16,SE17,SE18,SE19	WARN_COMPLETENESS,FAIL_SIZE
Sample71	Salmonella enterica	Salmonella enterica	pass:OK	52.36	69814.0	116.0	116.0	113.0	128.6990680187219	128.6990680187219	128.73387231453822	4594191.0	4594191.0	4592739.0	4266452.0	284.9	4583554.0	4594191.0	4526597.0	1061.0	0.0	12332.0	Salmonella enterica	Escherichia coli	0.9543775922621516	0.0004084812232219	0.0449420744096708	A1,A7,A13,SE1,SE5	A2,A3,A4,A5,A6,A8,A9,A10,A11,A12,A14,A15,SE2,SE3,SE4,SE6,SE7,SE8,SE9,SE11,SE12,SE16,SE17,SE18,SE19	WARN_COMPLETENESS,FAIL_SIZE
Sample72	Salmonella enterica	Salmonella enterica	pass:OK	52.36	62776.0	133.0	133.0	127.0	111.18171010383227	111.18171010383227	111.265193962792	4590961.0	4590961.0	4586756.0	3618118.0	308.3	4578487.0	4590961.0	4507927.0	1251.0	0.0	10949.0	Salmonella enterica	Escherichia coli	0.9597968173954378	0.0001075054858197	0.0398068770347278	A1,A7,A13,SE1,SE5	A2,A3,A4,A5,A6,A8,A9,A10,A11,A12,A14,A15,SE2,SE3,SE4,SE6,SE7,SE8,SE9,SE11,SE12,SE16,SE17,SE18,SE19	WARN_COMPLETENESS,FAIL_SIZE
Sample73	Salmonella enterica	Salmonella enterica	pass:OK	52.41	52037.0	171.0	171.0	167.0	151.65727550417856	151.65727550417856	151.71945847017147	4584239.0	4584239.0	4582056.0	5008346.0	290.5	4576133.0	4584239.0	4519146.0	1044.0	0.0	17147.0	Salmonella enterica	Escherichia coli	0.9535479169682116	0.0001123993671296	0.046052596115933	A1,A7,A13,SE1,SE4,SE5,SE12	A2,A3,A4,A5,A6,A8,A9,A10,A11,A12,A14,A15,SE2,SE3,SE6,SE7,SE8,SE9,SE11,SE16,SE17,SE18,SE19	WARN_COMPLETENESS,FAIL_SIZE
Sample74	Salmonella enterica	Salmonella enterica	pass:OK	52.36	61791.0	145.0	145.0	138.0	126.75419537795426	126.75419537795426	126.90600687627668	4638855.0	4638855.0	4632158.0	4231564.0	311.6	4626685.0	4638855.0	4559382.0	1227.0	0.0	14404.0	Salmonella enterica	Salmonella bongori	0.9246882133051044	0.0062156491165059	0.0679950189742111	A1,A7,A13,SE1,SE5	A2,A3,A4,A5,A6,A8,A9,A10,A11,A12,A14,A15,SE2,SE3,SE4,SE6,SE7,SE8,SE9,SE11,SE12,SE16,SE17,SE18,SE19	WARN_COMPLETENESS,FAIL_SIZE
Sample75	Salmonella enterica	Salmonella enterica	pass:OK	52.31	94968.0	105.0	105.0	102.0	148.10272867564535	148.10272867564535	148.16247654905405	4647456.0	4647456.0	4645335.0	4922340.0	295.4	4637950.0	4647456.0	4581659.0	1129.0	0.0	15673.0	Salmonella enterica	Salmonella bongori	0.9298790322253015	0.0053975613065624	0.0635359104799466	A1,A7,A13,SE1,SE5	A2,A3,A4,A5,A6,A8,A9,A10,A11,A12,A14,A15,SE2,SE3,SE4,SE6,SE7,SE8,SE9,SE11,SE12,SE16,SE17,SE18,SE19	WARN_COMPLETENESS,FAIL_SIZE
Sample76	Salmonella enterica	Salmonella enterica	pass:OK	52.42	47258.0	207.0	207.0	197.0	123.22741645000836	123.22741645000836	123.3563119680798	4626332.0	4626332.0	4620524.0	4110124.0	301.1	4610399.0	4626332.0	4521828.0	1394.0	0.0	13526.0	Salmonella enterica	Salmonella bongori	0.9203636119480976	0.0066493198392661	0.0716223192169795	A1,A7,A13,SE1,SE4,SE5,SE12	A2,A3,A4,A5,A6,A8,A9,A10,A11,A12,A14,A15,SE2,SE3,SE6,SE7,SE8,SE9,SE11,SE16,SE17,SE18,SE19	WARN_COMPLETENESS,FAIL_SIZE
Sample77	Klebsiella pneumoniae	Klebsiella pneumoniae	pass:OK	57.13	135838.0	151.0	151.0	136.0	83.19625071800193	83.19625071800193	83.75862468153538	5621503.0	5621503.0	5571655.0	3284646.0	376.6	5604193.0	5621502.0	5485759.0	2985.0	0.0	14665.0	Klebsiella pneumoniae	Escherichia coli	0.927190987020601	0.010119846130852	0.049831833087833	A1,A7,A13,KP6,KP8,KP20,KP24	A2,A3,A4,A5,A6,A8,A9,A10,A11,A12,A14,A15,KP1,KP2,KP3,KP4,KP7,KP9,KP10,KP11,KP12,KP16,KP17,KP18,KP19,KP21,KP22,KP23,KP25,KP26,KP27,KP28,KP30,KP31,KP35,KP36,KP37,KP38	WARN_COMPLETENESS,FAIL_SIZE
Sample78	Escherichia coli	Escherichia coli	pass:OK	50.82	50091.0	238.0	241.0	210.0	79.35672954144877	79.3236022873752	79.67016611100253	4715351.0	4717547.0	4691983.0	2599460.0	356.0	4670177.0	4717547.0	4512221.0	2309.0	0.0	11073.0	Escherichia coli	Klebsiella pneumoniae	0.92860904403152	0.0141794073353169	0.044043060222379	A1,A7,A13,EC1,EC5	A2,A3,A4,A5,A6,A8,A9,A10,A11,A12,A14,A15,EC2,EC3,EC4,EC6,EC7,EC8,EC9,EC11,EC12,EC16,EC17,EC18,EC19	WARN_COMPLETENESS,WARN_ECOLI_QC,FAIL_SIZE,FAIL_ECOLI_SPECIES
Sample79	Escherichia coli	Escherichia coli	pass:OK	51.05	38313.0	293.0	295.0	269.0	123.29214424048652	123.2717593367646	123.87637304326871	5040582.0	5041468.0	5012952.0	4359726.0	365.1	5010268.0	5041462.0	4873970.0	10083.0	0.0	19109.0	Escherichia coli	Shigella flexneri	0.9495809440192952	0.0016632882557445	0.0451211663751554	A1,A7,A13,EC1,EC5	A2,A3,A4,A5,A6,A8,A9,A10,A11,A12,A14,A15,EC2,EC3,EC4,EC6,EC7,EC8,EC9,EC11,EC12,EC16,EC17,EC18,EC19	WARN_COMPLETENESS,WARN_ECOLI_QC,FAIL_SIZE,FAIL_ECOLI_SPECIES
Sample80	Escherichia coli	Escherichia coli	pass:OK	50.74	87657.0	159.0	162.0	144.0	102.32072732394258	102.28914607443272	102.58768171621786	5183110.0	5184843.0	5166710.0	3707558.0	334.5	5165714.0	5184838.0	5076687.0	1707.0	0.0	19067.0	Escherichia coli	Shigella flexneri	0.9576487125299228	0.0009050964806957	0.0394722931520119	A1,A7,A13,EC1,EC5	A2,A3,A4,A5,A6,A8,A9,A10,A11,A12,A14,A15,EC2,EC3,EC4,EC6,EC7,EC8,EC9,EC11,EC12,EC16,EC17,EC18,EC19	WARN_COMPLETENESS,WARN_ECOLI_QC,FAIL_SIZE,FAIL_ECOLI_SPECIES
Sample81	Escherichia coli	Escherichia coli	pass:OK	50.76	55384.0	221.0	221.0	191.0	94.06009867536596	94.06009867536596	94.55452524483384	5009761.0	5009761.0	4977355.0	3291146.0	352.1	4973022.0	5009761.0	4837316.0	2605.0	0.0	13082.0	Escherichia coli	Salmonella enterica	0.9339600944152052	0.016314847790573	0.0454472675766895	A1,A7,A13,EC1,EC5	A2,A3,A4,A5,A6,A8,A9,A10,A11,A12,A14,A15,EC2,EC3,EC4,EC6,EC7,EC8,EC9,EC11,EC12,EC16,EC17,EC18,EC19	WARN_COMPLETENESS,WARN_ECOLI_QC,FAIL_SIZE,FAIL_ECOLI_SPECIES
Sample82	Escherichia coli	Escherichia coli	pass:OK	50.75	77269.0	158.0	158.0	143.0	104.16260799488464	104.16260799488464	104.38527970002876	4841896.0	4841896.0	4829263.0	3539410.0	351.3	4824470.0	4841885.0	4742818.0	1534.0	0.0	17040.0	Escherichia coli	Shigella flexneri	0.9439982575025844	0.0013046130133029	0.0494247187722738	A1,A7,A13,EC1,EC5	A2,A3,A4,A5,A6,A8,A9,A10,A11,A12,A14,A15,EC2,EC3,EC4,EC6,EC7,EC8,EC9,EC11,EC12,EC16,EC17,EC18,EC19	WARN_COMPLETENESS,WARN_ECOLI_QC,FAIL_SIZE,FAIL_ECOLI_SPECIES
Sample83	Escherichia coli	Escherichia coli	pass:OK	50.87	42008.0	298.0	304.0	268.0	78.70196003411098	78.6557839491665	79.00447767314185	5195981.0	5199406.0	5170096.0	2842138.0	370.3	5156506.0	5199399.0	5002259.0	2849.0	0.0	12374.0	Escherichia coli	Shigella flexneri	0.956464774010236	0.0009094686416267	0.0408887953815177	A1,A7,A13,EC1,EC5	A2,A3,A4,A5,A6,A8,A9,A10,A11,A12,A14,A15,EC2,EC3,EC4,EC6,EC7,EC8,EC9,EC11,EC12,EC16,EC17,EC18,EC19	WARN_COMPLETENESS,WARN_ECOLI_QC,FAIL_SIZE,FAIL_ECOLI_SPECIES
Sample84	Escherichia coli	Escherichia coli	pass:OK	50.84	70471.0	202.0	205.0	180.0	98.8599825415415	98.81598803385576	99.19353537445475	4828605.0	4830963.0	4809219.0	3304920.0	380.6	4794176.0	4830956.0	4674494.0	2116.0	0.0	15807.0	Escherichia coli	Shigella flexneri	0.9573725862633906	0.0010486515629779	0.0397661621985013	A1,A7,A13,EC1,EC5	A2,A3,A4,A5,A6,A8,A9,A10,A11,A12,A14,A15,EC2,EC3,EC4,EC6,EC7,EC8,EC9,EC11,EC12,EC16,EC17,EC18,EC19	WARN_COMPLETENESS,WARN_ECOLI_QC,FAIL_SIZE,FAIL_ECOLI_SPECIES
Sample85	Escherichia coli	Klebsiella pneumoniae	fail:supplying lab	50.76	96874.0	190.0	191.0	173.0	75.93927110121936	75.93399831228668	76.1685403406326	5158055.0	5158459.0	5137500.0	2755550.0	356.1	5137875.0	5158438.0	5034635.0	2642.0	0.0	13721.0	Escherichia coli	Shigella flexneri	0.9542249151446406	0.0009307419156083	0.0427165181471087	A1,A7,A13,EC1,EC5	A2,A3,A4,A5,A6,A8,A9,A10,A11,A12,A14,A15,EC2,EC3,EC4,EC6,EC7,EC8,EC9,EC11,EC12,EC16,EC17,EC18,EC19	WARN_COMPLETENESS,WARN_ECOLI_QC,FAIL_SIZE,FAIL_ECOLI_SPECIES
Sample86	Staphylococcus aureus	Staphylococcus aureus	pass:OK	32.77	97364.0	56.0	56.0	54.0	122.96363143226104	122.96363143226104	123.04203361328288	2794721.0	2794721.0	2792527.0	2555500.0	260.5	2789160.0	2794721.0	2676129.0	1303.0	0.0	9834.0	Staphylococcus aureus	Staphylococcus virus 29	0.9126394939288204	0.003917685181345	0.0762925465775324	A1,A7,A13,SA1,SA5	A2,A3,A4,A5,A6,A8,A9,A10,A11,A12,A14,A15,SA2,SA3,SA4,SA6,SA7,SA8,SA9,SA11,SA12,SA16,SA17,SA18,SA19	WARN_COMPLETENESS,FAIL_SIZE
Sample87	Staphylococcus aureus	Staphylococcus aureus	pass:OK	32.68	58479.0	97.0	97.0	96.0	116.11979188321396	116.11979188321396	116.14013130416387	2765947.0	2765947.0	2765335.0	2365202.0	261.8	2757105.0	2765944.0	2608090.0	1600.0	0.0	9376.0	Staphylococcus aureus	Staphylococcus lugdunensis	0.9586833141275428	0.0002388394348002	0.0405464815358094	A1,A7,A13,SA1,SA5	A2,A3,A4,A5,A6,A8,A9,A10,A11,A12,A14,A15,SA2,SA3,SA4,SA6,SA7,SA8,SA9,SA11,SA12,SA16,SA17,SA18,SA19	WARN_COMPLETENESS,FAIL_SIZE
Sample88	Enterococcus faecium	Enterococcus faecium	pass:OK	37.7	25087.0	283.0	297.0	250.0	100.26375554818216	99.94009698035664	101.11736377979696	2941504.0	2951938.0	2911077.0	2151590.0	291.4	2912864.0	2951935.0	2706312.0	1706.0	0.0	8933.0	Enterococcus faecium	Bacillus subtilis	0.9454863754279028	0.0001621917543385	0.0539675635080635	A1,A7,A13,EF1,EF5	A2,A3,A4,A5,A6,A8,A9,A10,A11,A12,A14,A15,EF2,EF3,EF4,EF6,EF7,EF8,EF9,EF11,EF12,EF16,EF17,EF18,EF19	WARN_COMPLETENESS,FAIL_SIZE
Sample89	Enterococcus faecium	Enterococcus faecium	pass:OK	37.72	22295.0	312.0	319.0	260.0	98.26585345775828	98.13391390825925	99.495051163085	2951927.0	2956265.0	2907956.0	2114758.0	286.5	2914852.0	2956264.0	2682955.0	1809.0	0.0	9506.0	Enterococcus faecium	Bacillus subtilis	0.9448046329402888	0.0001040217651358	0.0547159212876759	A1,A7,A13,EF1,EF5,EF16,EF17,EF18,EF19	A2,A3,A4,A5,A6,A8,A9,A10,A11,A12,A14,A15,EF2,EF3,EF4,EF6,EF7,EF8,EF9,EF11,EF12	WARN_COMPLETENESS,FAIL_SIZE
Sample90	Enterococcus faecium	Enterococcus faecium	pass:OK	37.68	23884.0	268.0	273.0	242.0	90.5992383815642	90.4999189162344	91.49520053893971	2956336.0	2959902.0	2919807.0	1928382.0	307.6	2920805.0	2959902.0	2673319.0	2183.0	0.0	9051.0	Enterococcus faecium	Bacillus subtilis	0.9420364027050544	0.0001788919896833	0.0574066987531487	A1,A7,A13,EF1,EF5,EF16,EF17	A2,A3,A4,A5,A6,A8,A9,A10,A11,A12,A14,A15,EF2,EF3,EF4,EF6,EF7,EF8,EF9,EF11,EF12,EF18,EF19	WARN_COMPLETENESS,FAIL_SIZE
Sample91	Enterococcus faecium	Enterococcus faecium	pass:OK	37.67	25812.0	283.0	286.0	260.0	108.1535212795842	108.1001266760964	108.8106382522105	3004476.0	3006092.0	2982144.0	2330370.0	298.9	2983447.0	3006092.0	2795171.0	2129.0	0.0	9065.0	Enterococcus faecium	Enterococcus hirae	0.9337007803063296	0.000542374044999	0.0642056730437096	A1,A7,A13,EF1,EF5	A2,A3,A4,A5,A6,A8,A9,A10,A11,A12,A14,A15,EF2,EF3,EF4,EF6,EF7,EF8,EF9,EF11,EF12,EF16,EF17,EF18,EF19	WARN_COMPLETENESS,FAIL_SIZE
Sample92	Enterococcus faecalis	Enterococcus faecium	fail:supplying lab	37.54	28653.0	261.0	304.0	191.0	80.79024655887932	80.3848986745627	82.88727666614658	2875662.0	2891574.0	2781598.0	1706498.0	281.1	2847031.0	2891251.0	2642754.0	18945.0	0.0	11750.0	Enterococcus faecalis	Enterococcus faecium	0.9186248527075732	0.0003574276692376	0.080640369755994	A1,A7,A13	A2,A3,A4,A5,A6,A8,A9,A10,A11,A12,A14,A15	WARN_COMPLETENESS,FAIL_SIZE
Sample93	Staphylococcus aureus	Staphylococcus aureus	pass:OK	32.66	82076.0	74.0	74.0	74.0	148.5103347664517	148.5103347664517	148.5103347664517	2770648.0	2770648.0	2770648.0	3022046.0	246.4	2768352.0	2770634.0	2699241.0	1255.0	0.0	11370.0	Staphylococcus aureus	Staphylococcus lugdunensis	0.9616821527023254	0.0002468148967678	0.0376171047355375	A1,A7,A13,SA1,SA5	A2,A3,A4,A5,A6,A8,A9,A10,A11,A12,A14,A15,SA2,SA3,SA4,SA6,SA7,SA8,SA9,SA11,SA12,SA16,SA17,SA18,SA19	WARN_COMPLETENESS,FAIL_SIZE
Sample94	Staphylococcus aureus	Staphylococcus aureus	pass:OK	32.63	77561.0	83.0	83.0	79.0	128.1745497763631	128.1745497763631	128.3996294765481	2805217.0	2805217.0	2799283.0	2582296.0	264.4	2793620.0	2805217.0	2633165.0	1710.0	0.0	11074.0	Staphylococcus aureus	Staphylococcus phage tp310-2	0.9594747603042084	0.000758197673518	0.0390169761930577	A1,A7,A13,SA1,SA5	A2,A3,A4,A5,A6,A8,A9,A10,A11,A12,A14,A15,SA2,SA3,SA4,SA6,SA7,SA8,SA9,SA11,SA12,SA16,SA17,SA18,SA19	WARN_COMPLETENESS,FAIL_SIZE
Sample95	Staphylococcus aureus	Staphylococcus aureus	pass:OK	32.7	81420.0	70.0	70.0	70.0	132.2523880769203	132.2523880769203	132.2523880769203	2773780.0	2773780.0	2773780.0	2641964.0	278.0	2770279.0	2773778.0	2698153.0	1252.0	0.0	10744.0	Staphylococcus aureus	Staphylococcus lugdunensis	0.955676761192934	0.0002501742893498	0.0430417106017126	A1,A7,A13,SA1,SA5	A2,A3,A4,A5,A6,A8,A9,A10,A11,A12,A14,A15,SA2,SA3,SA4,SA6,SA7,SA8,SA9,SA11,SA12,SA16,SA17,SA18,SA19	WARN_COMPLETENESS,FAIL_SIZE
Sample96	Staphylococcus aureus	Staphylococcus aureus	pass:OK	32.71	82661.0	66.0	66.0	64.0	124.7054778346041	124.7054778346041	124.80659582542694	2769452.0	2769452.0	2766750.0	2479308.0	262.6	2761722.0	2769452.0	2632681.0	1472.0	0.0	8469.0	Staphylococcus aureus	Staphylococcus virus SAP26	0.951823371452494	0.0025598749383928	0.0397544907716246	A1,A7,A13,SA1,SA5	A2,A3,A4,A5,A6,A8,A9,A10,A11,A12,A14,A15,SA2,SA3,SA4,SA6,SA7,SA8,SA9,SA11,SA12,SA16,SA17,SA18,SA19	WARN_COMPLETENESS,FAIL_SIZE
Sample97	Staphylococcus aureus	Staphylococcus aureus	pass:OK	32.96	68983.0	155.0	161.0	90.0	123.61231882534784	123.37591500912124	126.6997048280312	2854428.0	2860354.0	2777364.0	2686592.0	253.5	2827725.0	2860351.0	2686844.0	2279.0	0.0	12765.0	Staphylococcus aureus	Enterococcus faecalis	0.9151184532156692	0.0402680642270395	0.0436577584846563	A1,A7,A13,SA1,SA5	A2,A3,A4,A5,A6,A8,A9,A10,A11,A12,A14,A15,SA2,SA3,SA4,SA6,SA7,SA8,SA9,SA11,SA12,SA16,SA17,SA18,SA19	WARN_COMPLETENESS,FAIL_SIZE
